update,env_steps,wall_s,sps,ep_mean100,ep_max,len_mean,wall%,self%,cap%,win%,pi_loss,v_loss,entropy,clipfrac,explvar,lr
1,262144,8.5,30776,0.06,2.0,3.06,99.3,0.7,0.0,0.0,-0.0042,0.004,1.0945,0.0207,-1.372,0.000299
2,524288,17.1,30602,0.14,3.0,3.14,99.2,0.8,0.0,0.0,-0.0099,0.001,1.0767,0.0933,-0.038,0.000298
3,786432,25.6,30927,0.12,1.0,3.12,99.2,0.8,0.0,0.0,-0.0099,0.001,1.0549,0.0862,-0.229,0.000297
4,1048576,34.0,30965,0.16,1.0,3.16,99.0,1.0,0.0,0.0,-0.0108,0.0,1.0411,0.0779,-0.252,0.000297
5,1310720,42.4,31378,0.47,2.0,3.47,98.6,1.4,0.0,0.0,-0.0066,0.0,1.0444,0.0434,-0.194,0.000296
6,1572864,50.7,31697,1.01,3.0,4.01,97.8,2.2,0.0,0.0,-0.0041,0.0,1.0451,0.0309,-0.185,0.000295
7,1835008,59.0,31297,1.67,3.0,4.67,96.2,3.8,0.0,0.0,-0.0035,0.0,1.0335,0.0197,-0.165,0.000294
8,2097152,67.4,31431,1.86,5.0,4.86,94.3,5.7,0.0,0.0,-0.0038,0.0,1.0144,0.0208,-0.076,0.000293
9,2359296,75.7,31508,2.22,4.0,5.22,92.1,7.9,0.0,0.0,-0.004,0.0,1.0035,0.0309,-0.073,0.000292
10,2621440,84.0,31435,2.37,7.0,5.37,89.3,10.7,0.0,0.0,-0.0045,0.0,0.989,0.0386,-0.101,0.000291
11,2883584,92.4,31505,2.5,6.0,5.5,86.4,13.6,0.0,0.0,-0.0055,0.0,0.9549,0.0415,-0.056,0.00029
12,3145728,100.7,31327,3.07,7.0,6.07,83.1,16.9,0.0,0.0,-0.0055,0.001,0.9004,0.0445,-0.023,0.000289
13,3407872,109.2,31023,3.98,11.0,6.98,80.0,20.0,0.0,0.0,-0.0065,0.001,0.8438,0.0453,0.059,0.000288
14,3670016,117.6,31048,5.01,14.0,8.01,77.2,22.8,0.0,0.0,-0.007,0.001,0.7781,0.0458,0.147,0.000287
15,3932160,126.2,30512,6.31,14.0,9.31,74.9,25.0,0.0,0.0,-0.0077,0.001,0.7202,0.0407,0.139,0.000286
16,4194304,134.9,30072,8.89,16.0,11.89,72.8,27.1,0.1,0.0,-0.0075,0.002,0.6645,0.041,0.129,0.000285
17,4456448,143.9,29257,12.44,24.0,15.44,71.1,28.7,0.2,0.0,-0.0066,0.002,0.6123,0.0412,0.111,0.000284
18,4718592,153.5,27260,16.18,29.0,19.18,69.6,30.2,0.2,0.0,-0.005,0.002,0.5696,0.0369,0.14,0.000283
19,4980736,163.5,26102,20.13,33.0,23.13,68.2,31.6,0.2,0.0,-0.004,0.002,0.5359,0.03,0.168,0.000282
20,5242880,174.1,24801,21.9,40.0,24.9,67.0,32.8,0.2,0.0,-0.0031,0.002,0.5079,0.0252,0.217,0.000281
21,5505024,185.1,23852,26.44,40.0,29.44,65.8,34.0,0.2,0.0,-0.0022,0.002,0.4921,0.0209,0.27,0.00028
22,5767168,196.3,23356,29.92,49.0,32.92,64.7,35.1,0.3,0.0,-0.0018,0.002,0.4762,0.0205,0.314,0.000279
23,6029312,207.5,23528,31.64,52.0,34.64,63.7,36.1,0.2,0.0,-0.0017,0.002,0.4635,0.0175,0.367,0.000277
24,6291456,219.0,22698,32.76,54.0,35.76,62.8,37.0,0.2,0.0,-0.0014,0.002,0.451,0.015,0.403,0.000276
25,6553600,230.6,22626,35.21,57.0,38.21,61.8,38.0,0.2,0.0,-0.0011,0.002,0.4381,0.0185,0.433,0.000275
26,6815744,262.3,22532,35.11,58.0,38.11,60.9,38.9,0.2,0.0,-0.0014,0.002,0.4268,0.0185,0.465,0.000271
27,7077888,273.9,22582,35.09,60.0,38.09,60.1,39.7,0.2,0.0,-0.001,0.002,0.4183,0.0172,0.484,0.00027
28,7340032,285.5,22498,37.29,58.0,40.29,59.3,40.5,0.2,0.0,-0.0007,0.002,0.4077,0.0139,0.506,0.000269
29,7602176,297.3,22223,39.95,62.0,42.95,58.6,41.2,0.2,0.0,-0.0008,0.002,0.4008,0.0157,0.53,0.000267
30,7864320,309.1,22218,40.4,69.0,43.4,57.9,41.8,0.2,0.0,-0.0007,0.002,0.395,0.0175,0.535,0.000266
31,8126464,320.8,22459,40.05,70.0,43.05,57.2,42.5,0.2,0.0,-0.0008,0.002,0.3865,0.0162,0.56,0.000265
32,8388608,332.8,21848,40.34,66.0,43.34,56.6,43.2,0.2,0.0,-0.0009,0.002,0.3841,0.0139,0.571,0.000263
33,8650752,344.4,22622,39.96,68.0,42.96,56.1,43.7,0.2,0.0,-0.0006,0.002,0.3774,0.016,0.592,0.000262
34,8912896,355.6,23493,42.49,78.0,45.49,55.5,44.3,0.2,0.0,-0.0008,0.002,0.3706,0.0122,0.603,0.000261
35,9175040,366.7,23461,42.61,71.0,45.61,55.0,44.8,0.2,0.0,-0.0008,0.002,0.3676,0.0119,0.621,0.00026
36,9437184,377.9,23396,43.97,81.0,46.97,54.4,45.4,0.2,0.0,-0.0007,0.002,0.3617,0.0153,0.63,0.000258
37,9699328,389.3,23110,43.88,76.0,46.88,53.9,45.9,0.2,0.0,-0.0007,0.002,0.3566,0.0154,0.637,0.000257
38,9961472,400.4,23540,42.2,69.0,45.2,53.4,46.3,0.3,0.0,-0.0006,0.002,0.3533,0.013,0.656,0.000256
39,10223616,411.8,23105,46.11,74.0,49.11,53.0,46.8,0.3,0.0,-0.0007,0.002,0.3503,0.0129,0.658,0.000255
40,10485760,424.4,20776,44.54,71.0,47.54,52.5,47.2,0.3,0.0,-0.0006,0.002,0.3468,0.0133,0.66,0.000253
41,10747904,437.3,20230,44.03,82.0,47.03,52.1,47.7,0.3,0.0,-0.0006,0.002,0.3402,0.012,0.669,0.000252
42,11010048,450.0,20668,44.6,73.0,47.6,51.6,48.1,0.3,0.0,-0.0006,0.002,0.3352,0.0125,0.681,0.00025
43,11272192,462.7,20657,43.54,76.0,46.54,51.2,48.5,0.3,0.0,-0.0006,0.002,0.3337,0.0146,0.689,0.000249
44,11534336,475.6,20286,44.65,82.0,47.65,50.8,48.9,0.3,0.0,-0.0006,0.002,0.3316,0.0132,0.7,0.000248
45,11796480,488.6,20200,44.9,82.0,47.9,50.4,49.3,0.3,0.0,-0.0004,0.002,0.3251,0.0182,0.714,0.000246
46,12058624,501.4,20478,45.67,75.0,48.67,50.0,49.7,0.3,0.0,-0.0006,0.002,0.3246,0.0115,0.706,0.000245
47,12320768,525.2,11033,47.18,76.0,50.18,49.7,50.0,0.3,0.0,-0.0006,0.002,0.3249,0.0126,0.713,0.000243
48,12582912,537.8,20826,43.8,79.0,46.8,49.3,50.3,0.3,0.0,-0.0007,0.002,0.3243,0.0113,0.719,0.000241
49,12845056,550.5,20556,47.91,85.0,50.91,49.0,50.6,0.3,0.0,-0.0004,0.002,0.3179,0.0135,0.73,0.000239
50,13107200,562.9,21218,45.22,76.0,48.22,48.7,50.9,0.4,0.0,-0.0003,0.002,0.3188,0.015,0.725,0.000238
51,13369344,603.7,17890,49.27,79.0,52.27,48.4,51.2,0.4,0.0,-0.0003,0.002,0.3125,0.0152,0.736,0.000233
52,13631488,617.9,18470,49.12,81.0,52.12,48.1,51.5,0.4,0.0,-0.0004,0.002,0.3095,0.0163,0.741,0.000232
53,13893632,630.7,20503,46.92,78.0,49.92,47.8,51.8,0.4,0.0,-0.0006,0.002,0.3091,0.0118,0.739,0.00023
54,14155776,644.1,19557,47.42,82.0,50.42,47.6,52.0,0.4,0.0,-0.0003,0.002,0.307,0.0118,0.753,0.000229
55,14417920,657.4,19592,48.01,79.0,51.01,47.3,52.3,0.4,0.0,-0.0006,0.002,0.306,0.0127,0.748,0.000227
56,14680064,670.0,20829,48.12,76.0,51.12,47.0,52.5,0.4,0.0,-0.0004,0.002,0.301,0.0125,0.754,0.000226
57,14942208,683.2,19946,46.61,80.0,49.61,46.8,52.8,0.4,0.0,-0.0004,0.002,0.302,0.0119,0.761,0.000225
58,15204352,696.4,19844,48.36,79.0,51.36,46.5,53.0,0.5,0.0,-0.0006,0.002,0.3005,0.0136,0.763,0.000223
59,15466496,709.1,20565,49.76,82.0,52.76,46.2,53.3,0.5,0.0,-0.0005,0.002,0.297,0.0143,0.763,0.000222
60,15728640,721.8,20627,50.51,80.0,53.51,46.0,53.5,0.5,0.0,-0.0003,0.002,0.2988,0.0111,0.77,0.00022
61,15990784,734.7,20411,48.39,72.0,51.39,45.7,53.8,0.5,0.0,-0.0004,0.002,0.3012,0.0125,0.768,0.000219
62,16252928,746.4,22434,49.18,77.0,52.18,45.5,54.0,0.5,0.0,-0.0005,0.002,0.2971,0.0092,0.776,0.000217
63,16515072,757.8,22889,50.25,80.0,53.25,45.3,54.2,0.5,0.0,-0.0004,0.002,0.2957,0.0105,0.773,0.000216
64,16777216,769.5,22402,48.59,77.0,51.59,45.0,54.4,0.6,0.0,-0.0004,0.002,0.2956,0.0122,0.775,0.000215
65,17039360,781.0,22929,49.44,81.0,52.44,44.8,54.6,0.6,0.0,-0.0005,0.002,0.2932,0.0122,0.78,0.000213
66,17301504,792.6,22483,49.9,81.0,52.9,44.6,54.8,0.6,0.0,-0.0004,0.002,0.2938,0.0117,0.782,0.000212
67,17563648,804.7,21721,52.33,80.0,55.33,44.3,55.0,0.6,0.0,-0.0003,0.002,0.2887,0.0121,0.792,0.000211
68,17825792,816.2,22725,47.09,79.0,50.09,44.1,55.2,0.7,0.0,-0.0004,0.002,0.2875,0.0114,0.79,0.00021
69,18087936,827.7,22781,49.79,81.0,52.79,43.9,55.4,0.7,0.0,-0.0005,0.002,0.2876,0.0108,0.793,0.000208
70,18350080,839.5,22298,52.39,82.0,55.39,43.7,55.6,0.7,0.0,-0.0003,0.002,0.2826,0.0109,0.793,0.000207
71,18612224,851.2,22352,51.2,81.0,54.2,43.5,55.8,0.7,0.0,-0.0005,0.002,0.284,0.0129,0.801,0.000206
72,18874368,862.8,22598,49.07,83.0,52.07,43.3,55.9,0.7,0.0,-0.0001,0.002,0.2787,0.015,0.794,0.000204
73,19136512,874.3,22773,51.11,79.0,54.11,43.1,56.1,0.7,0.0,-0.0006,0.002,0.2775,0.0102,0.8,0.000203
74,19398656,885.9,22696,53.1,86.0,56.1,42.9,56.3,0.8,0.0,-0.0004,0.002,0.2763,0.0106,0.8,0.000202
75,19660800,897.7,22111,51.86,82.0,54.86,42.8,56.5,0.8,0.0,-0.0004,0.002,0.2749,0.0099,0.802,0.000201
76,19922944,940.0,22162,49.99,84.0,52.99,42.6,56.6,0.8,0.0,-0.0005,0.002,0.2746,0.01,0.798,0.000196
77,20185088,951.9,21906,50.19,79.0,53.19,42.4,56.8,0.8,0.0,-0.0004,0.002,0.2734,0.0076,0.811,0.000194
78,20447232,963.6,22410,50.82,81.0,53.82,42.2,57.0,0.8,0.0,-0.0005,0.002,0.2722,0.0127,0.807,0.000193
79,20709376,975.6,21873,52.87,82.0,55.87,42.0,57.1,0.8,0.0,-0.0004,0.002,0.2699,0.0114,0.815,0.000192
80,20971520,987.3,22412,55.05,83.0,58.05,41.9,57.3,0.8,0.0,-0.0004,0.002,0.2698,0.0098,0.817,0.000191
81,21233664,999.2,22135,51.73,80.0,54.73,41.8,57.4,0.9,0.0,-0.0004,0.002,0.2693,0.0119,0.809,0.000189
82,21495808,1010.8,22509,53.85,82.0,56.85,41.6,57.5,0.9,0.0,-0.0004,0.002,0.268,0.0129,0.815,0.000188
83,21757952,1022.5,22482,53.63,81.0,56.63,41.5,57.6,0.9,0.0,-0.0006,0.002,0.2696,0.0098,0.816,0.000187
84,22020096,1034.2,22378,51.4,82.0,54.4,41.3,57.7,0.9,0.0,-0.0004,0.002,0.2673,0.0098,0.82,0.000185
85,22282240,1046.0,22145,50.66,81.0,53.66,41.2,57.9,0.9,0.0,-0.0005,0.002,0.267,0.009,0.817,0.000184
86,22544384,1057.7,22501,51.86,90.0,54.86,41.0,58.0,1.0,0.0,-0.0005,0.002,0.2631,0.0089,0.827,0.000183
87,22806528,1069.2,22733,52.19,80.0,55.19,40.9,58.1,1.0,0.0,-0.0003,0.002,0.2614,0.0105,0.818,0.000181
88,23068672,1081.1,22035,53.43,90.0,56.43,40.8,58.2,1.0,0.0,-0.0004,0.002,0.2629,0.0089,0.825,0.00018
89,23330816,1093.0,22108,54.99,85.0,57.99,40.6,58.3,1.0,0.0,-0.0005,0.002,0.2565,0.0096,0.822,0.000179
90,23592960,1104.8,22186,52.86,84.0,55.86,40.5,58.4,1.1,0.0,-0.0004,0.002,0.2574,0.0111,0.821,0.000177
91,23855104,1116.3,22764,53.16,83.0,56.16,40.4,58.5,1.1,0.0,-0.0003,0.002,0.254,0.0118,0.831,0.000176
92,24117248,1128.4,21635,54.9,82.0,57.9,40.3,58.6,1.1,0.0,-0.0003,0.002,0.2539,0.0107,0.834,0.000175
93,24379392,1140.0,22565,53.24,82.0,56.24,40.1,58.7,1.1,0.0,-0.0003,0.002,0.252,0.0128,0.826,0.000174
94,24641536,1151.4,22985,56.53,88.0,59.53,40.0,58.8,1.2,0.0,-0.0003,0.002,0.2509,0.0095,0.829,0.000172
95,24903680,1163.2,22373,53.63,83.0,56.63,39.9,58.9,1.2,0.0,-0.0004,0.002,0.2514,0.0072,0.835,0.000171
96,25165824,1175.1,22022,55.28,86.0,58.28,39.8,59.0,1.2,0.0,-0.0004,0.002,0.2522,0.009,0.837,0.00017
97,25427968,1186.8,22370,53.08,82.0,56.08,39.7,59.1,1.2,0.0,-0.0004,0.002,0.2503,0.0113,0.833,0.000168
98,25690112,1198.3,22651,55.04,82.0,58.04,39.6,59.2,1.2,0.0,-0.0003,0.002,0.2506,0.0086,0.833,0.000167
99,25952256,1209.8,22851,53.1,78.0,56.1,39.5,59.3,1.3,0.0,-0.0002,0.002,0.2494,0.0113,0.833,0.000166
100,26214400,1221.5,22431,53.41,83.0,56.41,39.4,59.3,1.3,0.0,-0.0004,0.002,0.2519,0.0104,0.834,0.000165
101,26476544,1264.4,21871,53.66,82.0,56.66,39.3,59.4,1.3,0.0,-0.0005,0.002,0.2491,0.0087,0.834,0.00016
102,26738688,1276.2,22305,57.91,88.0,60.91,39.2,59.5,1.3,0.0,-0.0003,0.002,0.2468,0.0072,0.837,0.000158
103,27000832,1287.9,22378,54.55,78.0,57.55,39.1,59.6,1.3,0.0,-0.0003,0.002,0.2475,0.0099,0.838,0.000157
104,27262976,1299.4,22685,54.0,77.0,57.0,39.0,59.6,1.4,0.0,-0.0003,0.002,0.2454,0.0098,0.838,0.000156
105,27525120,1311.2,22274,54.27,80.0,57.27,38.9,59.7,1.4,0.0,-0.0004,0.002,0.2433,0.0092,0.84,0.000155
106,27787264,1322.8,22575,55.4,85.0,58.4,38.8,59.8,1.4,0.0,-0.0004,0.002,0.2426,0.0095,0.842,0.000153
107,28049408,1334.4,22642,54.47,85.0,57.47,38.7,59.8,1.4,0.0,-0.0003,0.002,0.2392,0.0086,0.843,0.000152
108,28311552,1346.2,22301,55.87,83.0,58.87,38.6,59.9,1.5,0.0,-0.0004,0.002,0.2401,0.0067,0.841,0.000151
109,28573696,1357.9,22304,55.62,83.0,58.62,38.6,60.0,1.5,0.0,-0.0003,0.002,0.2376,0.0077,0.845,0.000149
110,28835840,1369.4,22735,56.61,85.0,59.61,38.5,60.0,1.5,0.0,-0.0004,0.002,0.2341,0.0081,0.844,0.000148
111,29097984,1381.1,22508,55.38,87.0,58.38,38.4,60.1,1.5,0.0,-0.0003,0.002,0.2348,0.0082,0.849,0.000147
112,29360128,1392.8,22398,56.43,83.0,59.43,38.3,60.2,1.6,0.0,-0.0004,0.002,0.2325,0.0076,0.842,0.000146
113,29622272,1404.7,21978,54.98,85.0,57.98,38.2,60.2,1.6,0.0,-0.0002,0.002,0.2333,0.0116,0.839,0.000144
114,29884416,1416.7,21961,55.17,91.0,58.17,38.1,60.3,1.6,0.0,-0.0004,0.002,0.2315,0.0067,0.841,0.000143
115,30146560,1428.3,22488,55.52,79.0,58.52,38.0,60.3,1.6,0.0,-0.0004,0.002,0.2294,0.0087,0.846,0.000142
116,30408704,1439.9,22712,53.46,85.0,56.46,37.9,60.4,1.6,0.0,-0.0003,0.002,0.2311,0.0083,0.845,0.00014
117,30670848,1451.7,22078,55.41,81.0,58.41,37.9,60.5,1.7,0.0,-0.0003,0.002,0.2267,0.0084,0.848,0.000139
118,30932992,1463.3,22744,58.21,86.0,61.21,37.8,60.5,1.7,0.0,-0.0003,0.002,0.2243,0.0074,0.851,0.000138
119,31195136,1475.1,22115,53.32,82.0,56.32,37.8,60.5,1.7,0.0,-0.0003,0.002,0.2221,0.0061,0.844,0.000136
120,31457280,1486.8,22355,56.9,87.0,59.9,37.7,60.6,1.7,0.0,-0.0003,0.002,0.222,0.0079,0.846,0.000135
121,31719424,1498.5,22461,54.29,86.0,57.29,37.6,60.6,1.8,0.0,-0.0003,0.002,0.2237,0.0063,0.843,0.000134
122,31981568,1510.2,22405,55.04,82.0,58.04,37.6,60.6,1.8,0.0,-0.0004,0.002,0.222,0.0065,0.85,0.000132
123,32243712,1521.9,22477,57.55,86.0,60.55,37.5,60.7,1.8,0.0,-0.0004,0.002,0.2206,0.0069,0.851,0.000131
124,32505856,1534.0,21597,57.93,87.0,60.93,37.4,60.7,1.9,0.0,-0.0003,0.002,0.2204,0.0082,0.852,0.00013
125,32768000,1545.8,22249,54.38,86.0,57.38,37.3,60.8,1.9,0.0,-0.0004,0.002,0.2168,0.0067,0.853,0.000128
126,33030144,1591.5,21826,56.81,91.0,59.81,37.3,60.9,1.9,0.0,-0.0002,0.002,0.2168,0.0078,0.851,0.000123
127,33292288,1603.4,21941,55.88,85.0,58.88,37.2,60.9,1.9,0.0,-0.0005,0.002,0.214,0.0095,0.849,0.000122
128,33554432,1615.3,22066,59.17,90.0,62.17,37.2,60.9,2.0,0.0,-0.0003,0.002,0.2155,0.0079,0.852,0.000121
129,33816576,1627.3,21944,58.42,88.0,61.42,37.1,60.9,2.0,0.0,-0.0004,0.002,0.2147,0.0079,0.854,0.000119
130,34078720,1639.1,22157,57.44,90.0,60.44,37.1,60.9,2.0,0.0,-0.0003,0.002,0.2144,0.0076,0.858,0.000118
131,34340864,1651.1,21847,56.61,85.0,59.61,37.1,60.9,2.0,0.0,-0.0004,0.002,0.211,0.0069,0.85,0.000117
132,34603008,1662.7,22505,56.29,87.0,59.29,37.0,60.9,2.1,0.0,-0.0004,0.002,0.21,0.006,0.853,0.000116
133,34865152,1675.0,21435,57.04,89.0,60.04,36.9,61.0,2.1,0.0,-0.0005,0.002,0.2117,0.0073,0.855,0.000114
134,35127296,1686.7,22274,56.77,85.0,59.77,36.9,61.0,2.1,0.0,-0.0003,0.002,0.2095,0.0071,0.855,0.000113
135,35389440,1698.6,22105,57.42,83.0,60.42,36.8,61.0,2.2,0.0,-0.0004,0.002,0.2109,0.0061,0.851,0.000112
136,35651584,1710.6,21793,58.48,82.0,61.48,36.8,61.0,2.2,0.0,-0.0004,0.002,0.2126,0.0074,0.86,0.00011
137,35913728,1722.6,21863,57.89,87.0,60.89,36.7,61.1,2.2,0.0,-0.0004,0.002,0.2097,0.0086,0.857,0.000109
138,36175872,1734.6,21815,57.76,82.0,60.76,36.7,61.1,2.2,0.0,-0.0003,0.002,0.2088,0.0071,0.857,0.000108
139,36438016,1746.5,22102,57.14,83.0,60.14,36.7,61.1,2.3,0.0,-0.0003,0.002,0.2094,0.0052,0.859,0.000106
140,36700160,1758.5,21763,55.84,81.0,58.84,36.6,61.1,2.3,0.0,-0.0003,0.002,0.2093,0.0054,0.854,0.000105
141,36962304,1770.2,22457,58.55,82.0,61.55,36.6,61.1,2.3,0.0,-0.0004,0.002,0.2072,0.0052,0.856,0.000104
142,37224448,1782.0,22170,56.07,85.0,59.07,36.5,61.1,2.3,0.0,-0.0004,0.002,0.2057,0.006,0.852,0.000102
143,37486592,1794.0,21827,57.11,88.0,60.11,36.5,61.2,2.4,0.0,-0.0003,0.002,0.2067,0.0055,0.855,0.000101
144,37748736,1806.3,21372,56.65,84.0,59.65,36.4,61.2,2.4,0.0,-0.0004,0.002,0.2051,0.0065,0.854,0.0001
145,38010880,1818.5,21459,58.5,83.0,61.5,36.4,61.2,2.4,0.0,-0.0004,0.002,0.2048,0.006,0.862,9.8e-05
146,38273024,1830.3,22179,58.34,84.0,61.34,36.4,61.2,2.4,0.0,-0.0004,0.002,0.2037,0.006,0.864,9.7e-05
147,38535168,1842.3,21933,58.36,88.0,61.36,36.3,61.2,2.5,0.0,-0.0003,0.002,0.2012,0.0058,0.863,9.6e-05
148,38797312,1854.2,21981,57.78,86.0,60.78,36.3,61.2,2.5,0.0,-0.0004,0.002,0.2009,0.0054,0.861,9.4e-05
149,39059456,1865.9,22449,59.15,84.0,62.15,36.2,61.2,2.5,0.0,-0.0003,0.002,0.1993,0.0072,0.865,9.3e-05
150,39321600,1877.9,21887,58.85,88.0,61.85,36.2,61.2,2.6,0.0,-0.0004,0.002,0.1998,0.0065,0.865,9.2e-05
151,39583744,1924.3,22647,57.07,81.0,60.07,36.1,61.3,2.6,0.0,-0.0004,0.002,0.1996,0.0061,0.855,8.6e-05
152,39845888,1936.5,21573,61.77,89.0,64.77,36.1,61.3,2.6,0.0,-0.0004,0.002,0.1998,0.0064,0.862,8.5e-05
153,40108032,1948.3,22196,58.96,89.0,61.96,36.1,61.3,2.7,0.0,-0.0003,0.002,0.2,0.005,0.858,8.4e-05
154,40370176,1959.9,22485,56.6,82.0,59.6,36.0,61.3,2.7,0.0,-0.0003,0.002,0.1988,0.0056,0.86,8.2e-05
155,40632320,1972.2,21453,57.58,85.0,60.58,36.0,61.3,2.7,0.0,-0.0003,0.002,0.1967,0.0045,0.861,8.1e-05
156,40894464,1984.8,20746,56.77,85.0,59.77,35.9,61.3,2.7,0.0,-0.0003,0.002,0.1947,0.0033,0.862,8e-05
157,41156608,1996.5,22405,56.55,87.0,59.55,35.9,61.3,2.8,0.0,-0.0003,0.002,0.1954,0.0067,0.86,7.8e-05
158,41418752,2008.6,21620,57.03,85.0,60.03,35.9,61.3,2.8,0.0,-0.0002,0.002,0.1954,0.0069,0.859,7.7e-05
159,41680896,2020.6,21936,56.73,86.0,59.73,35.8,61.4,2.8,0.0,-0.0004,0.002,0.192,0.0054,0.861,7.6e-05
160,41943040,2032.6,21711,57.03,84.0,60.03,35.8,61.4,2.8,0.0,-0.0004,0.002,0.1921,0.0044,0.862,7.4e-05
161,42205184,2044.5,22102,59.78,85.0,62.78,35.8,61.4,2.9,0.0,-0.0004,0.002,0.1918,0.0045,0.864,7.3e-05
162,42467328,2056.4,22107,59.38,87.0,62.38,35.7,61.4,2.9,0.0,-0.0004,0.002,0.1896,0.0049,0.865,7.2e-05
163,42729472,2068.1,22389,58.17,87.0,61.17,35.7,61.4,2.9,0.0,-0.0003,0.002,0.1889,0.0037,0.862,7e-05
164,42991616,2079.6,22683,57.37,85.0,60.37,35.7,61.4,3.0,0.0,-0.0003,0.002,0.1866,0.0049,0.861,6.9e-05
165,43253760,2091.5,22103,57.02,88.0,60.02,35.6,61.4,3.0,0.0,-0.0004,0.002,0.1862,0.0032,0.861,6.8e-05
166,43515904,2103.3,22168,60.93,94.0,63.93,35.6,61.4,3.0,0.0,-0.0002,0.002,0.1835,0.0033,0.866,6.7e-05
167,43778048,2115.3,21837,58.16,89.0,61.16,35.6,61.4,3.1,0.0,-0.0003,0.002,0.1824,0.003,0.865,6.5e-05
168,44040192,2127.1,22311,61.13,87.0,64.13,35.5,61.4,3.1,0.0,-0.0004,0.002,0.1838,0.0039,0.868,6.4e-05
169,44302336,2138.8,22293,59.93,84.0,62.93,35.5,61.4,3.1,0.0,-0.0003,0.002,0.1815,0.0025,0.864,6.3e-05
170,44564480,2150.6,22191,55.66,88.0,58.66,35.5,61.4,3.1,0.0,-0.0002,0.002,0.1838,0.0023,0.863,6.1e-05
171,44826624,2162.6,21944,58.94,85.0,61.94,35.5,61.3,3.2,0.0,-0.0003,0.002,0.1824,0.0041,0.865,6e-05
172,45088768,2174.1,22745,58.24,87.0,61.24,35.5,61.3,3.2,0.0,-0.0003,0.002,0.184,0.004,0.865,5.9e-05
173,45350912,2185.8,22471,55.61,85.0,58.61,35.4,61.3,3.2,0.0,-0.0003,0.002,0.1841,0.0037,0.867,5.7e-05
174,45613056,2197.5,22310,58.98,91.0,61.98,35.4,61.3,3.3,0.0,-0.0003,0.002,0.1825,0.0029,0.868,5.6e-05
175,45875200,2209.3,22208,59.98,86.0,62.98,35.4,61.3,3.3,0.0,-0.0004,0.002,0.1841,0.0031,0.867,5.5e-05
176,46137344,2256.7,21592,59.61,85.0,62.61,35.3,61.3,3.3,0.0,-0.0003,0.002,0.1833,0.0029,0.861,5e-05
177,46399488,2268.6,22029,60.43,83.0,63.43,35.3,61.3,3.4,0.0,-0.0003,0.002,0.1833,0.0022,0.868,4.8e-05
178,46661632,2280.6,21832,59.96,82.0,62.96,35.3,61.3,3.4,0.0,-0.0003,0.002,0.1824,0.0021,0.866,4.7e-05
179,46923776,2292.2,22455,60.15,86.0,63.15,35.3,61.3,3.4,0.0,-0.0003,0.002,0.1828,0.0023,0.869,4.6e-05
180,47185920,2304.1,22164,57.63,86.0,60.63,35.3,61.3,3.5,0.0,-0.0003,0.002,0.1822,0.003,0.869,4.4e-05
181,47448064,2316.2,21528,57.48,85.0,60.48,35.2,61.3,3.5,0.0,-0.0002,0.002,0.1829,0.0017,0.867,4.3e-05
182,47710208,2328.1,22164,59.73,85.0,62.73,35.2,61.3,3.5,0.0,-0.0002,0.002,0.183,0.0021,0.871,4.2e-05
183,47972352,2340.1,21841,59.38,87.0,62.38,35.2,61.3,3.5,0.0,-0.0002,0.002,0.1822,0.0019,0.87,4e-05
184,48234496,2352.1,21832,59.32,85.0,62.32,35.2,61.3,3.6,0.0,-0.0002,0.002,0.1834,0.0019,0.865,3.9e-05
185,48496640,2364.0,21953,59.81,87.0,62.81,35.1,61.3,3.6,0.0,-0.0003,0.002,0.1813,0.0021,0.864,3.8e-05
186,48758784,2375.7,22419,58.8,91.0,61.8,35.1,61.3,3.6,0.0,-0.0003,0.002,0.1805,0.0019,0.864,3.6e-05
187,49020928,2387.6,22065,59.17,86.0,62.17,35.1,61.3,3.7,0.0,-0.0002,0.002,0.1793,0.002,0.868,3.5e-05
188,49283072,2399.6,21907,59.7,86.0,62.7,35.0,61.3,3.7,0.0,-0.0002,0.002,0.1779,0.0019,0.869,3.4e-05
189,49545216,2411.2,22560,57.48,85.0,60.48,35.0,61.3,3.7,0.0,-0.0003,0.002,0.1805,0.002,0.866,3.2e-05
190,49807360,2422.9,22392,61.17,87.0,64.17,35.0,61.3,3.7,0.0,-0.0003,0.002,0.1809,0.0022,0.869,3.1e-05
191,50069504,2435.1,21407,58.01,88.0,61.01,35.0,61.3,3.8,0.0,-0.0003,0.002,0.1807,0.0022,0.865,3e-05
192,50331648,2447.1,21963,58.09,83.0,61.09,35.0,61.3,3.8,0.0,-0.0003,0.002,0.1784,0.0023,0.868,2.8e-05
193,50593792,2458.9,22123,60.07,84.0,63.07,34.9,61.3,3.8,0.0,-0.0002,0.002,0.1786,0.0009,0.872,2.7e-05
194,50855936,2470.9,21974,59.61,89.0,62.61,34.9,61.3,3.8,0.0,-0.0003,0.002,0.1739,0.0022,0.87,2.6e-05
195,51118080,2482.5,22441,61.99,86.0,64.99,34.9,61.3,3.8,0.0,-0.0002,0.002,0.1721,0.0017,0.872,2.4e-05
196,51380224,2494.3,22336,58.78,92.0,61.78,34.9,61.2,3.9,0.0,-0.0002,0.002,0.1728,0.0006,0.866,2.3e-05
197,51642368,2506.1,22135,62.82,87.0,65.82,34.8,61.2,3.9,0.0,-0.0002,0.002,0.1699,0.0013,0.869,2.2e-05
198,51904512,2518.1,21854,61.8,90.0,64.8,34.8,61.2,4.0,0.0,-0.0002,0.002,0.1689,0.0011,0.865,2e-05
199,52166656,2530.1,21897,59.28,87.0,62.28,34.8,61.2,4.0,0.0,-0.0002,0.002,0.1724,0.0014,0.866,1.9e-05
200,52428800,2541.8,22413,59.74,88.0,62.74,34.8,61.2,4.0,0.0,-0.0002,0.002,0.1718,0.0017,0.869,1.8e-05
201,52690944,2588.9,22222,58.92,87.0,61.92,34.7,61.2,4.0,0.0,-0.0002,0.002,0.1727,0.0003,0.87,1.5e-05
202,52953088,2600.9,21889,61.19,89.0,64.19,34.7,61.2,4.1,0.0,-0.0002,0.002,0.1731,0.0012,0.871,1.5e-05
203,53215232,2612.9,21825,59.03,85.0,62.03,34.7,61.2,4.1,0.0,-0.0002,0.002,0.1722,0.0004,0.868,1.5e-05
204,53477376,2624.7,22091,59.51,84.0,62.51,34.7,61.2,4.1,0.0,-0.0002,0.002,0.1731,0.0016,0.87,1.5e-05
205,53739520,2636.4,22421,59.55,85.0,62.55,34.6,61.2,4.2,0.0,-0.0002,0.002,0.1728,0.001,0.867,1.5e-05
206,54001664,2648.0,22569,59.74,89.0,62.74,34.6,61.2,4.2,0.0,-0.0001,0.002,0.1712,0.0005,0.871,1.5e-05
207,54263808,2659.9,22190,60.87,88.0,63.87,34.6,61.2,4.2,0.0,-0.0001,0.001,0.1702,0.0011,0.87,1.5e-05
208,54525952,2672.2,21271,58.4,86.0,61.4,34.6,61.2,4.2,0.0,-0.0001,0.002,0.1708,0.0,0.868,1.5e-05
209,54788096,2683.9,22430,60.77,86.0,63.77,34.6,61.1,4.3,0.0,-0.0001,0.001,0.1715,0.0005,0.868,1.5e-05
210,55050240,2695.6,22296,60.9,89.0,63.9,34.6,61.1,4.3,0.0,-0.0003,0.002,0.1688,0.0016,0.869,1.5e-05
211,55312384,2707.4,22193,61.68,86.0,64.68,34.6,61.1,4.3,0.0,-0.0001,0.002,0.1693,0.0009,0.871,1.5e-05
